{"ta_runs": 12, "wallclock_time_used": 54.0014066696167, "ta_time_used": 27.850680828094482, "inc_changed": 1, "_n_configs_per_intensify": 11, "_n_calls_of_intensify": 5, "_ema_n_configs_per_intensifiy": 2.1024000000000003, "_EMA_ALPHA": 0.2}