{"ta_runs": 13, "wallclock_time_used": 54.60816216468811, "ta_time_used": 19.651907205581665, "inc_changed": 2, "_n_configs_per_intensify": 12, "_n_calls_of_intensify": 4, "_ema_n_configs_per_intensifiy": 3.0320000000000005, "_EMA_ALPHA": 0.2}