{"ta_runs": 21, "wallclock_time_used": 54.97900199890137, "ta_time_used": 26.437251091003418, "inc_changed": 3, "_n_configs_per_intensify": 20, "_n_calls_of_intensify": 8, "_ema_n_configs_per_intensifiy": 2.4559360000000003, "_EMA_ALPHA": 0.2}